,SpeciesGroup,,Species,,,,,,,,,,,,,,,,,,,,,,,,,,,,,,,,,,,,,
,Adult Eel,Adult Eel,,Adult Eel,Glass Eel/Elver,Glass Eel/Elver,Glass Eel/Elver,Lobster,Lobster,Lobster,Lobster,Lobster,Lobster,Lobster,Lobster,Lobster,Lobster Total,Lobster Total,Lobster Total,Other,Other,Other,Other,Other,Other,Other Total,Other Total,Other Total,Shell,Shell,Shell,Shell,Shell,Shell,Shell Total,Shell Total,Shell Total,Licences,Days,Tonnes
,Eels (freshwater),Eels (freshwater),,Eels (freshwater),Glass eel/elver,Glass eel/elver,Glass eel/elver,Lobster - cray tails,Lobster - cray tails,Lobster - cray tails,Lobster - tropical rock,Lobster - tropical rock,Lobster - tropical rock,Lobster - unspecified,Lobster - unspecified,Lobster - unspecified,,,,Fish - mixed reef a,Fish - mixed reef a,Fish - mixed reef a,Fish - unspecified,Fish - unspecified,Fish - unspecified,,,,Shell grit,Shell grit,Shell grit,Star sand,Star sand,Star sand,,,,,,
CalendarYear,Licences,Days,,Tonnes,Licences,Days,Tonnes,Licences,Days,Tonnes,Licences,Days,Tonnes,Licences,Days,Tonnes,Licences,Days,Tonnes,Licences,Days,Tonnes,Licences,Days,Tonnes,Licences,Days,Tonnes,Licences,Days,Tonnes,Licences,Days,Tonnes,Licences,Days,Tonnes,,,
1990,,,,,,,,,,,N/A,N/A,N/A,,,,N/A,N/A,N/A,,,,,,,,,,,,,,,,,,,N/A,N/A,N/A
1991,,,,,,,,,,,N/A,N/A,N/A,,,,N/A,N/A,N/A,,,,,,,,,,,,,,,,,,,N/A,N/A,N/A
1992,,,,,,,,,,,N/A,N/A,N/A,,,,N/A,N/A,N/A,,,,N/A,N/A,N/A,N/A,N/A,N/A,,,,,,,,,,N/A,N/A,N/A
1993,N/A,N/A,,N/A,,,,,,,N/A,N/A,N/A,,,,N/A,N/A,N/A,,,,,,,,,,,,,,,,,,,N/A,N/A,N/A
1994,,,,,,,,,,,N/A,N/A,N/A,,,,N/A,N/A,N/A,,,,,,,,,,,,N/A,,,N/A,,,N/A,N/A,N/A,N/A
1995,,,,,,,,,,,8,340,38.06,,,,8,340,38.06,,,,,,,,,,,,N/A,,,N/A,,,N/A,8,340,177.36
1996,59,188,,53.97,N/A,N/A,N/A,,,,12,523,56.57,,,,12,523,56.57,,,,,,,,,,,,N/A,,,N/A,,,N/A,73,721,247.21
1997,48,146,,34.64,17,196,0.13,N/A,N/A,N/A,15,900,49.94,,,,15,900,50.08,N/A,N/A,N/A,,,,N/A,N/A,N/A,,,N/A,,,N/A,,,N/A,80,1242,216.81
1998,6,12,,2.59,16,202,0.08,,,,13,760,77.65,,,,13,760,77.65,,,,,,,,,,,,N/A,,,N/A,,,N/A,35,974,149.06
1999,21,75,,17.31,6,145,0.03,,,,22,1188,129.32,,,,22,1188,129.32,,,,,,,,,,,,N/A,,,N/A,,,N/A,49,1408,249.06
2000,21,81,,11.63,5,49,0.02,,,,21,1746,152.48,,,,21,1746,152.48,,,,,,,,,,,,N/A,,,N/A,,,N/A,47,1876,293.47
2001,29,378,,51.89,N/A,N/A,N/A,,,,23,2759,206.48,,,,23,2759,206.48,,,,,,,,,,,,N/A,,,N/A,,,N/A,55,3159,351.95
2002,24,381,,53.78,N/A,N/A,N/A,,,,18,1423,116.67,,,,18,1423,116.67,,,,,,,,,,,,N/A,,,N/A,,,N/A,46,1813,314.34
2003,22,361,,43.31,5,172,0.21,,,,15,532,104.01,,,,15,532,104.01,,,,,,,,,,,,N/A,,,N/A,,,N/A,42,1065,307.87
2004,19,267,,40.98,N/A,N/A,N/A,,,,17,726,186.73,,,,17,726,186.73,,,,,,,,,,,,N/A,,,,,,N/A,40,1165,365.86
2005,18,263,,31.14,N/A,N/A,N/A,,,,17,689,142.42,,,,17,689,142.42,,,,,,,,,,,,N/A,,,,,,N/A,39,1180,301.27
2006,17,220,,17.96,6,432,0.33,,,,14,1115,203.4,,,,14,1115,203.4,,,,,,,,,,,,N/A,,,,,,N/A,37,1767,303.72
2007,15,868,,24.6,7,446,0.58,,,,12,1166,239.48,,,,12,1166,239.48,,,,,,,,,,,,N/A,,,,,,N/A,34,2480,306.67
2008,18,890,,24.84,5,288,0.45,,,,11,1162,243.89,,,,11,1162,243.89,,,,,,,,,,,,N/A,,,,,,N/A,34,2340,314.67
2009,15,689,,21.81,5,189,0.14,,,,11,1007,198.47,,,,11,1007,198.47,,,,,,,,,,,,N/A,,,N/A,,,N/A,31,1885,305.42
2010,16,809,,24.23,N/A,N/A,N/A,,,,10,584,118.5,,,,10,584,118.5,,,,,,,,,,,,N/A,,,,,,N/A,29,1423,178.24
2011,13,687,,23.06,N/A,N/A,N/A,,,,7,544,141.16,,,,7,544,141.16,,,,,,,,,,,,N/A,,,N/A,,,N/A,22,1243,228.04
2012,14,653,,20.95,N/A,N/A,N/A,,,,8,583,154.43,,,,8,583,154.43,,,,,,,,,,,,N/A,,,,,,N/A,25,1280,204.47
2013,13,211,,6.72,N/A,N/A,N/A,,,,7,720,181.04,,,,7,720,181.04,,,,,,,,,,,,,,,,,,,22,983,187.81
2014,12,392,,15.11,,,,,,,8,821,176.78,,,,8,821,176.78,,,,,,,,,,,,N/A,,,,,,N/A,20,1213,213.89
2015,11,755,,29.27,N/A,N/A,N/A,,,,8,854,123.92,,,,8,854,123.92,,,,,,,,,,,,,,,,,,,20,1616,153.2
2016,8,355,,9.05,,,,,,,7,895,198.45,,,,7,895,198.45,,,,,,,,,,,,,,,,,,,15,1250,207.5
2017,6,241,,9.83,,,,,,,10,702,186.64,,,,10,702,186.64,,,,,,,,,,,,,,,,,,,16,943,196.47
2018,5,254,,8.22,,,,,,,11,1026,162.85,,,,11,1026,162.85,,,,,,,,,,,,,,,,,,,16,1280,171.07
2019,N/A,N/A,,N/A,N/A,N/A,N/A,,,,8,685,104.68,,,,8,685,104.68,,,,,,,,,,,,,,,,,,,13,838,107.87
2020,N/A,N/A,,N/A,,,,,,,8,572,115.22,,,,8,572,115.22,,,,,,,,,,,,,,,,,,,9,574,115.26
2021,N/A,N/A,,N/A,,,,,,,7,824,138.46,6,71,12.45,7,895,150.91,,,,,,,,,,,,,,,,,,,9,917,152.32
2022,N/A,N/A,,N/A,,,,,,,8,819,135.78,,,,8,819,135.78,,,,,,,,,,,,N/A,,,,,,N/A,10,866,138.66
2023,N/A,N/A,,N/A,,,,,,,8,621,90.72,,,,8,621,90.72,,,,,,,,,,,,,,,,,,,9,645,92.64
2024,N/A,N/A,,N/A,,,,,,,5,342,77.27,,,,5,342,77.27,,,,,,,,,,,,,,,,,,,6,349,77.62
2025,N/A,N/A,,N/A,,,,,,,5,372,161.38,,,,5,372,161.38,,,,,,,,,,,,,,,,,,,6,392,162.34
Grand Total,77,9405,,587.65,28,2752,2.57,N/A,N/A,N/A,36,27206,"4,422.27",6,71,12.45,36,27277,"4,434.86",N/A,N/A,N/A,N/A,N/A,N/A,N/A,N/A,N/A,,,N/A,,,N/A,,,N/A,141,39434,"6,946.78"
